<metadata xml:lang="en"><Esri><CreaDate>20150812</CreaDate><CreaTime>08130100</CreaTime><ArcGISFormat>1.0</ArcGISFormat><SyncOnce>FALSE</SyncOnce><DataProperties><itemProps><itemName Sync="TRUE">OrlandoExistingBikeLanes</itemName><imsContentType Sync="TRUE">002</imsContentType><nativeExtBox><westBL Sync="TRUE">445154.410227</westBL><eastBL Sync="TRUE">662461.235776</eastBL><southBL Sync="TRUE">1459349.918894</southBL><northBL Sync="TRUE">1576755.945233</northBL><exTypeCode Sync="TRUE">1</exTypeCode></nativeExtBox><itemSize Sync="TRUE">0.119</itemSize><itemLocation><linkage Sync="TRUE">file://\\orlando.cit\citydata\GISDataTransfer\Data4Web\Shape\OrlandoExistingBikeLanes.shp</linkage><protocol Sync="TRUE">Local Area Network</protocol></itemLocation></itemProps><coordRef><type Sync="TRUE">Projected</type><geogcsn Sync="TRUE">GCS_North_American_1983</geogcsn><csUnits Sync="TRUE">Linear Unit: Foot_US (0.304801)</csUnits><projcsn Sync="TRUE">NAD_1983_StatePlane_Florida_East_FIPS_0901_Feet</projcsn><peXml Sync="TRUE">&lt;ProjectedCoordinateSystem xsi:type='typens:ProjectedCoordinateSystem' xmlns:xsi='http://www.w3.org/2001/XMLSchema-instance' xmlns:xs='http://www.w3.org/2001/XMLSchema' xmlns:typens='http://www.esri.com/schemas/ArcGIS/10.1'&gt;&lt;WKT&gt;PROJCS[&amp;quot;NAD_1983_StatePlane_Florida_East_FIPS_0901_Feet&amp;quot;,GEOGCS[&amp;quot;GCS_North_American_1983&amp;quot;,DATUM[&amp;quot;D_North_American_1983&amp;quot;,SPHEROID[&amp;quot;GRS_1980&amp;quot;,6378137.0,298.257222101]],PRIMEM[&amp;quot;Greenwich&amp;quot;,0.0],UNIT[&amp;quot;Degree&amp;quot;,0.0174532925199433]],PROJECTION[&amp;quot;Transverse_Mercator&amp;quot;],PARAMETER[&amp;quot;False_Easting&amp;quot;,656166.6666666665],PARAMETER[&amp;quot;False_Northing&amp;quot;,0.0],PARAMETER[&amp;quot;Central_Meridian&amp;quot;,-81.0],PARAMETER[&amp;quot;Scale_Factor&amp;quot;,0.9999411764705882],PARAMETER[&amp;quot;Latitude_Of_Origin&amp;quot;,24.33333333333333],UNIT[&amp;quot;Foot_US&amp;quot;,0.3048006096012192],AUTHORITY[&amp;quot;EPSG&amp;quot;,2236]]&lt;/WKT&gt;&lt;XOrigin&gt;-17791300&lt;/XOrigin&gt;&lt;YOrigin&gt;-41645400&lt;/YOrigin&gt;&lt;XYScale&gt;137249422.94257641&lt;/XYScale&gt;&lt;ZOrigin&gt;-100000&lt;/ZOrigin&gt;&lt;ZScale&gt;10000&lt;/ZScale&gt;&lt;MOrigin&gt;-100000&lt;/MOrigin&gt;&lt;MScale&gt;10000&lt;/MScale&gt;&lt;XYTolerance&gt;0.0032808333333333331&lt;/XYTolerance&gt;&lt;ZTolerance&gt;0.001&lt;/ZTolerance&gt;&lt;MTolerance&gt;0.001&lt;/MTolerance&gt;&lt;HighPrecision&gt;true&lt;/HighPrecision&gt;&lt;WKID&gt;102658&lt;/WKID&gt;&lt;LatestWKID&gt;2236&lt;/LatestWKID&gt;&lt;/ProjectedCoordinateSystem&gt;</peXml></coordRef></DataProperties><SyncDate>20150812</SyncDate><SyncTime>11264800</SyncTime><ModDate>20150812</ModDate><ModTime>11264800</ModTime><scaleRange><minScale>150000000</minScale><maxScale>5000</maxScale></scaleRange><ArcGISProfile>ItemDescription</ArcGISProfile></Esri><dataIdInfo><envirDesc Sync="TRUE">Microsoft Windows 7 Version 6.1 (Build 7601) Service Pack 1; Esri ArcGIS 10.1.1.3300</envirDesc><dataLang><languageCode value="eng" Sync="TRUE"/><countryCode value="USA" Sync="TRUE"/></dataLang><idCitation><resTitle Sync="TRUE">OrlandoExistingBikeLanes</resTitle><presForm><PresFormCd value="005" Sync="TRUE"/></presForm></idCitation><spatRpType><SpatRepTypCd value="001" Sync="TRUE"/></spatRpType><dataExt><geoEle xmlns=""><GeoBndBox esriExtentType="search"><exTypeCode Sync="TRUE">1</exTypeCode><westBL Sync="TRUE">-81.658021</westBL><eastBL Sync="TRUE">-80.980370</eastBL><northBL Sync="TRUE">28.671253</northBL><southBL Sync="TRUE">28.346764</southBL></GeoBndBox></geoEle></dataExt><idPurp>Existing Bicycle lanes within the City of Orlando</idPurp><idAbs>&lt;DIV STYLE="text-align:Left;"&gt;&lt;DIV&gt;&lt;DIV&gt;&lt;P&gt;&lt;SPAN&gt;&lt;SPAN&gt;City of Orlando existing bicycle lanes&lt;/SPAN&gt;&lt;/SPAN&gt;&lt;/P&gt;&lt;/DIV&gt;&lt;/DIV&gt;&lt;/DIV&gt;</idAbs><idCredit>City of Orlando - Planning</idCredit><searchKeys><keyword>Orange</keyword><keyword>Orlando</keyword><keyword>Existing Bike Lanes</keyword><keyword>Municipal</keyword><keyword>2015</keyword></searchKeys><resConst><Consts><useLimit>&lt;DIV STYLE="text-align:Left;"&gt;&lt;P STYLE="margin:0 0 0 0;"&gt;&lt;SPAN&gt;THIS DATA IS BASED ON THE BEST INFORMATION AVAILABLE AND SHOULD NOT BE CONSTRUED AS LEGALLY BINDING.&lt;/SPAN&gt;&lt;/P&gt;&lt;P STYLE="margin:0 0 0 0;"&gt;&lt;SPAN&gt;&lt;SPAN /&gt;&lt;/SPAN&gt;&lt;/P&gt;&lt;P STYLE="margin:0 0 0 0;"&gt;&lt;SPAN&gt;DISCLAIMER: Data is as current as possible on posting date. The City of Orlando makes no&lt;/SPAN&gt;&lt;/P&gt;&lt;P STYLE="margin:0 0 0 0;"&gt;&lt;SPAN&gt;&lt;SPAN&gt;representations or guarantees as to the completeness or accuracy of this data or any provided attribute data.&lt;/SPAN&gt;&lt;/SPAN&gt;&lt;/P&gt;&lt;P STYLE="margin:0 0 0 0;"&gt;&lt;SPAN&gt;&lt;SPAN&gt;Data is provided as is, without warranty of any kind, either expressed or implied, including without limitation any&lt;/SPAN&gt;&lt;/SPAN&gt;&lt;/P&gt;&lt;P STYLE="margin:0 0 0 0;"&gt;&lt;SPAN&gt;&lt;SPAN&gt;warranties that the data is fit for a particular purpose. The City of Orlando shall have no liablility whatsoever&lt;/SPAN&gt;&lt;/SPAN&gt;&lt;/P&gt;&lt;P STYLE="margin:0 0 0 0;"&gt;&lt;SPAN&gt;&lt;SPAN&gt;relative to the use of provided data. Full responsibility and liability relating to the use of provided data rests with&lt;/SPAN&gt;&lt;/SPAN&gt;&lt;/P&gt;&lt;P STYLE="margin:0 0 0 0;"&gt;&lt;SPAN&gt;&lt;SPAN&gt;the user. Gis data that is obtained from the City of Orlando may have some spatial inaccuracy. NOTE: Some of the&lt;/SPAN&gt;&lt;/SPAN&gt;&lt;/P&gt;&lt;P STYLE="margin:0 0 0 0;"&gt;&lt;SPAN&gt;&lt;SPAN&gt;electronic data contained herewith may be copyrighted by others. The redistribution of copyrighted material may&lt;/SPAN&gt;&lt;/SPAN&gt;&lt;/P&gt;&lt;P STYLE="margin:0 0 0 0;"&gt;&lt;SPAN&gt;&lt;SPAN&gt;be prohibited.&lt;/SPAN&gt;&lt;/SPAN&gt;&lt;/P&gt;&lt;DIV&gt;&lt;P&gt;&lt;SPAN /&gt;&lt;/P&gt;&lt;/DIV&gt;&lt;/DIV&gt;</useLimit></Consts></resConst></dataIdInfo><mdLang><languageCode value="eng" Sync="TRUE"/><countryCode value="USA" Sync="TRUE"/></mdLang><mdChar><CharSetCd value="004" Sync="TRUE"/></mdChar><distInfo><distFormat><formatName Sync="TRUE">Shapefile</formatName></distFormat><distTranOps><transSize Sync="TRUE">0.119</transSize></distTranOps></distInfo><mdHrLv><ScopeCd value="005" Sync="TRUE"/></mdHrLv><mdHrLvName Sync="TRUE">dataset</mdHrLvName><refSysInfo><RefSystem><refSysID><identCode code="2236" Sync="TRUE"/><idCodeSpace Sync="TRUE">EPSG</idCodeSpace><idVersion Sync="TRUE">7.11.2</idVersion></refSysID></RefSystem></refSysInfo><spatRepInfo><VectSpatRep><geometObjs Name="OrlandoExistingBikeLanes"><geoObjTyp><GeoObjTypCd value="002" Sync="TRUE"></GeoObjTypCd></geoObjTyp><geoObjCnt Sync="TRUE">317</geoObjCnt></geometObjs><topLvl><TopoLevCd value="001" Sync="TRUE"></TopoLevCd></topLvl></VectSpatRep></spatRepInfo><spdoinfo><ptvctinf><esriterm Name="OrlandoExistingBikeLanes"><efeatyp Sync="TRUE">Simple</efeatyp><efeageom code="3" Sync="TRUE"></efeageom><esritopo Sync="TRUE">FALSE</esritopo><efeacnt Sync="TRUE">317</efeacnt><spindex Sync="TRUE">FALSE</spindex><linrefer Sync="TRUE">FALSE</linrefer></esriterm></ptvctinf></spdoinfo><eainfo><detailed Name="OrlandoExistingBikeLanes"><enttyp><enttypl Sync="TRUE">OrlandoExistingBikeLanes</enttypl><enttypt Sync="TRUE">Feature Class</enttypt><enttypc Sync="TRUE">317</enttypc></enttyp><attr><attrlabl Sync="TRUE">FID</attrlabl><attalias Sync="TRUE">FID</attalias><attrtype Sync="TRUE">OID</attrtype><attwidth Sync="TRUE">4</attwidth><atprecis Sync="TRUE">0</atprecis><attscale Sync="TRUE">0</attscale><attrdef Sync="TRUE">Internal feature number.</attrdef><attrdefs Sync="TRUE">Esri</attrdefs><attrdomv><udom Sync="TRUE">Sequential unique whole numbers that are automatically generated.</udom></attrdomv></attr><attr><attrlabl Sync="TRUE">Shape</attrlabl><attalias Sync="TRUE">Shape</attalias><attrtype Sync="TRUE">Geometry</attrtype><attwidth Sync="TRUE">0</attwidth><atprecis Sync="TRUE">0</atprecis><attscale Sync="TRUE">0</attscale><attrdef Sync="TRUE">Feature geometry.</attrdef><attrdefs Sync="TRUE">Esri</attrdefs><attrdomv><udom Sync="TRUE">Coordinates defining the features.</udom></attrdomv></attr><attr><attrlabl Sync="TRUE">Type</attrlabl><attalias Sync="TRUE">Type</attalias><attrtype Sync="TRUE">String</attrtype><attwidth Sync="TRUE">30</attwidth><atprecis Sync="TRUE">0</atprecis><attscale Sync="TRUE">0</attscale></attr><attr><attrlabl Sync="TRUE">Adopted_TE</attrlabl><attalias Sync="TRUE">Adopted_TE</attalias><attrtype Sync="TRUE">String</attrtype><attwidth Sync="TRUE">20</attwidth><atprecis Sync="TRUE">0</atprecis><attscale Sync="TRUE">0</attscale></attr><attr><attrlabl Sync="TRUE">Type_code</attrlabl><attalias Sync="TRUE">Type_code</attalias><attrtype Sync="TRUE">String</attrtype><attwidth Sync="TRUE">20</attwidth><atprecis Sync="TRUE">0</atprecis><attscale Sync="TRUE">0</attscale></attr><attr><attrlabl Sync="TRUE">Park</attrlabl><attalias Sync="TRUE">Park</attalias><attrtype Sync="TRUE">String</attrtype><attwidth Sync="TRUE">60</attwidth><atprecis Sync="TRUE">0</atprecis><attscale Sync="TRUE">0</attscale></attr><attr><attrlabl Sync="TRUE">Use_Other</attrlabl><attalias Sync="TRUE">Use_Other</attalias><attrtype Sync="TRUE">String</attrtype><attwidth Sync="TRUE">60</attwidth><atprecis Sync="TRUE">0</atprecis><attscale Sync="TRUE">0</attscale></attr><attr><attrlabl Sync="TRUE">SurfaceTyp</attrlabl><attalias Sync="TRUE">SurfaceTyp</attalias><attrtype Sync="TRUE">String</attrtype><attwidth Sync="TRUE">50</attwidth><atprecis Sync="TRUE">0</atprecis><attscale Sync="TRUE">0</attscale></attr></detailed></eainfo><mdDateSt Sync="TRUE">20150812</mdDateSt></metadata>
