<?xml version="1.0" encoding="UTF-8"?>
<metadata xml:lang="en"><Esri><CreaDate>20130821</CreaDate><CreaTime>19543800</CreaTime><ArcGISFormat>1.0</ArcGISFormat><SyncOnce>FALSE</SyncOnce><DataProperties><lineage><Process ToolSource="C:\Program Files (x86)\ArcGIS\Desktop10.0\ArcToolbox\Toolboxes\Data Management Tools.tbx\CalculateField" Date="20111102" Time="111503">CalculateField OrlandoTrailPlan PRIMARYGRE "Primary" VB #</Process><Process ToolSource="C:\Program Files (x86)\ArcGIS\Desktop10.0\ArcToolbox\Toolboxes\Data Management Tools.tbx\CalculateField" Date="20111102" Time="111531">CalculateField OrlandoTrailPlan STATUS "Proposed" VB #</Process><Process ToolSource="C:\Program Files (x86)\ArcGIS\Desktop10.0\ArcToolbox\Toolboxes\Data Management Tools.tbx\CalculateField" Date="20111102" Time="111549">CalculateField OrlandoTrailPlan FUNDING "unfunded" VB #</Process><Process ToolSource="C:\Program Files (x86)\ArcGIS\Desktop10.0\ArcToolbox\Toolboxes\Data Management Tools.tbx\CalculateField" Date="20111102" Time="111605">CalculateField OrlandoTrailPlan BIKETRAIL "Off Street" VB #</Process><Process ToolSource="C:\Program Files (x86)\ArcGIS\Desktop10.0\ArcToolbox\Toolboxes\Conversion Tools.tbx\FeatureClassToFeatureClass" Date="20120124" Time="095319">FeatureClassToFeatureClass "C:\ARC GIS\Projects\Transportation\Bike Lanes\FutureMapworks.gdb\OrlandoTrailPlan" "C:\ARC GIS\Editing\modifiedTablesforediting012012.gdb" OrlandoTrailPlan # "BIKETRAIL "BIKETRAIL" true true false 10 Text 0 0 ,First,#,C:\ARC GIS\Projects\Transportation\Bike Lanes\FutureMapworks.gdb\OrlandoTrailPlan,BIKETRAIL,-1,-1;FUNDING "FUNDING" true true false 10 Text 0 0 ,First,#,C:\ARC GIS\Projects\Transportation\Bike Lanes\FutureMapworks.gdb\OrlandoTrailPlan,FUNDING,-1,-1;STATUS "STATUS" true true false 10 Text 0 0 ,First,#,C:\ARC GIS\Projects\Transportation\Bike Lanes\FutureMapworks.gdb\OrlandoTrailPlan,STATUS,-1,-1;PRIMARYGRE "PRIMARYGRE" true true false 10 Text 0 0 ,First,#,C:\ARC GIS\Projects\Transportation\Bike Lanes\FutureMapworks.gdb\OrlandoTrailPlan,PRIMARYGRE,-1,-1;Shape_Length "Shape_Length" false true true 8 Double 0 0 ,First,#,C:\ARC GIS\Projects\Transportation\Bike Lanes\FutureMapworks.gdb\OrlandoTrailPlan,Shape_Length,-1,-1" #</Process><Process ToolSource="C:\Program Files (x86)\ArcGIS\Desktop10.0\ArcToolbox\Toolboxes\Conversion Tools.tbx\FeatureClassToFeatureClass" Date="20120125" Time="171437">FeatureClassToFeatureClass J:\DataCreation\modifiedTablesforediting012012.gdb\OrlandoTrailPlan_PLN_TEMP "Database Connections\Editing_GIS_gisedit.sde\gis.DBO.PlanningTransportation" OrlandoTrailPlan_PLN_TEMP # "BIKETRAIL "Bike Trail" true true false 10 Text 0 0 ,First,#,J:\DataCreation\modifiedTablesforediting012012.gdb\OrlandoTrailPlan_PLN_TEMP,BIKETRAIL,-1,-1;FUNDING "Funding" true true false 10 Text 0 0 ,First,#,J:\DataCreation\modifiedTablesforediting012012.gdb\OrlandoTrailPlan_PLN_TEMP,FUNDING,-1,-1;STATUS "Status" true true false 10 Text 0 0 ,First,#,J:\DataCreation\modifiedTablesforediting012012.gdb\OrlandoTrailPlan_PLN_TEMP,STATUS,-1,-1;PRIMARYGRE "Trail Type" true true false 10 Text 0 0 ,First,#,J:\DataCreation\modifiedTablesforediting012012.gdb\OrlandoTrailPlan_PLN_TEMP,PRIMARYGRE,-1,-1;Shape_Length "Shape_Length" false true true 8 Double 0 0 ,First,#,J:\DataCreation\modifiedTablesforediting012012.gdb\OrlandoTrailPlan_PLN_TEMP,Shape_Length,-1,-1" #</Process><Process ToolSource="C:\Program Files (x86)\ArcGIS\Desktop10.0\ArcToolbox\Toolboxes\Data Management Tools.tbx\AddGlobalIDs" Date="20120312" Time="182521">AddGlobalIDs 'Database Connections\Editing_GIS_gisedit.sde\gis.DBO.PlanningBoards\gis.DBO.AppearanceReviewBoard_PLN';'Database Connections\Editing_GIS_gisedit.sde\gis.DBO.PlanningBoards\gis.DBO.SoutheastTownDesignReview_PLN';'Database Connections\Editing_GIS_gisedit.sde\gis.DBO.PlanningFLU\gis.DBO.GMP_SubareaPolicyArea_PLN';'Database Connections\Editing_GIS_gisedit.sde\gis.DBO.PlanningFLU\gis.DBO.GMP_SubareaPolicyLine_PLN';'Database Connections\Editing_GIS_gisedit.sde\gis.DBO.PlanningTransportation\gis.DBO.ExistingBikeLanes_PLN';'Database Connections\Editing_GIS_gisedit.sde\gis.DBO.PlanningTransportation\gis.DBO.ProposedBikeLanes_PLN';'Database Connections\Editing_GIS_gisedit.sde\gis.DBO.PlanningTransportation\gis.DBO.OrlandoTrailPlan_PLN';'Database Connections\Editing_GIS_gisedit.sde\gis.DBO.PlanningZoning\gis.DBO.Zoning_PLN'</Process><Process ToolSource="C:\Program Files (x86)\ArcGIS\Desktop10.0\ArcToolbox\Toolboxes\Data Management Tools.tbx\CalculateField" Date="20130314" Time="102748">CalculateField gis.DBO.OrlandoTrailPlan_PLN BIKETRAIL "Off Street" VB #</Process><Process ToolSource="C:\Program Files (x86)\ArcGIS\Desktop10.0\ArcToolbox\Toolboxes\Data Management Tools.tbx\CalculateField" Date="20130314" Time="102803">CalculateField gis.DBO.OrlandoTrailPlan_PLN FUNDING "funded" VB #</Process><Process ToolSource="C:\Program Files (x86)\ArcGIS\Desktop10.0\ArcToolbox\Toolboxes\Data Management Tools.tbx\CalculateField" Date="20130314" Time="102819">CalculateField gis.DBO.OrlandoTrailPlan_PLN STATUS "Built" VB #</Process><Process ToolSource="C:\Program Files (x86)\ArcGIS\Desktop10.0\ArcToolbox\Toolboxes\Data Management Tools.tbx\CalculateField" Date="20130314" Time="102834">CalculateField gis.DBO.OrlandoTrailPlan_PLN PRIMARYGRE "Connector" VB #</Process><Process ToolSource="c:\program files (x86)\arcgis\desktop10.1\ArcToolbox\Toolboxes\Conversion Tools.tbx\FeatureClassToFeatureClass" Date="20150814" Time="075846">FeatureClassToFeatureClass "Database Connections\BasedataGISSDE.sde\orlando_gis.ORLANDO_GIS.PlanningTransportation\orlando_gis.ORLANDO_GIS.OrlandoTrailPlan_PLN" N:\GISDataTransfer\Data4Web\Shape OrlandoTrailPlan.shp # "BIKETRAIL "Bike Trail" true true false 10 Text 0 0 ,First,#,Database Connections\BasedataGISSDE.sde\orlando_gis.ORLANDO_GIS.PlanningTransportation\orlando_gis.ORLANDO_GIS.OrlandoTrailPlan_PLN,BIKETRAIL,-1,-1;FUNDING "Funding" true true false 10 Text 0 0 ,First,#,Database Connections\BasedataGISSDE.sde\orlando_gis.ORLANDO_GIS.PlanningTransportation\orlando_gis.ORLANDO_GIS.OrlandoTrailPlan_PLN,FUNDING,-1,-1;STATUS "Status" true true false 10 Text 0 0 ,First,#,Database Connections\BasedataGISSDE.sde\orlando_gis.ORLANDO_GIS.PlanningTransportation\orlando_gis.ORLANDO_GIS.OrlandoTrailPlan_PLN,STATUS,-1,-1;PRIMARYGRE "Trail Type" true true false 10 Text 0 0 ,First,#,Database Connections\BasedataGISSDE.sde\orlando_gis.ORLANDO_GIS.PlanningTransportation\orlando_gis.ORLANDO_GIS.OrlandoTrailPlan_PLN,PRIMARYGRE,-1,-1;Shape_len "Shape_len" false false true 0 Double 0 0 ,First,#,Database Connections\BasedataGISSDE.sde\orlando_gis.ORLANDO_GIS.PlanningTransportation\orlando_gis.ORLANDO_GIS.OrlandoTrailPlan_PLN,Shape.len,-1,-1" #</Process></lineage><itemProps><itemName Sync="TRUE">OrlandoTrailPlan</itemName><imsContentType Sync="TRUE">002</imsContentType><itemLocation><linkage Sync="TRUE">file://\\orlando.cit\citydata\GISDataTransfer\Data4Web\Shape\OrlandoTrailPlan.shp</linkage><protocol Sync="TRUE">Local Area Network</protocol></itemLocation><itemSize Sync="TRUE">0.000</itemSize></itemProps><coordRef><type Sync="TRUE">Projected</type><geogcsn Sync="TRUE">GCS_North_American_1983</geogcsn><projcsn Sync="TRUE">NAD_1983_StatePlane_Florida_East_FIPS_0901_Feet</projcsn><peXml Sync="TRUE">&lt;ProjectedCoordinateSystem xsi:type='typens:ProjectedCoordinateSystem' xmlns:xsi='http://www.w3.org/2001/XMLSchema-instance' xmlns:xs='http://www.w3.org/2001/XMLSchema' xmlns:typens='http://www.esri.com/schemas/ArcGIS/10.1'&gt;&lt;WKT&gt;PROJCS[&amp;quot;NAD_1983_StatePlane_Florida_East_FIPS_0901_Feet&amp;quot;,GEOGCS[&amp;quot;GCS_North_American_1983&amp;quot;,DATUM[&amp;quot;D_North_American_1983&amp;quot;,SPHEROID[&amp;quot;GRS_1980&amp;quot;,6378137.0,298.257222101]],PRIMEM[&amp;quot;Greenwich&amp;quot;,0.0],UNIT[&amp;quot;Degree&amp;quot;,0.0174532925199433]],PROJECTION[&amp;quot;Transverse_Mercator&amp;quot;],PARAMETER[&amp;quot;False_Easting&amp;quot;,656166.6666666665],PARAMETER[&amp;quot;False_Northing&amp;quot;,0.0],PARAMETER[&amp;quot;Central_Meridian&amp;quot;,-81.0],PARAMETER[&amp;quot;Scale_Factor&amp;quot;,0.9999411764705882],PARAMETER[&amp;quot;Latitude_Of_Origin&amp;quot;,24.33333333333333],UNIT[&amp;quot;Foot_US&amp;quot;,0.3048006096012192],AUTHORITY[&amp;quot;EPSG&amp;quot;,2236]]&lt;/WKT&gt;&lt;XOrigin&gt;-17791300&lt;/XOrigin&gt;&lt;YOrigin&gt;-41645400&lt;/YOrigin&gt;&lt;XYScale&gt;137249422.94257641&lt;/XYScale&gt;&lt;ZOrigin&gt;-100000&lt;/ZOrigin&gt;&lt;ZScale&gt;10000&lt;/ZScale&gt;&lt;MOrigin&gt;-100000&lt;/MOrigin&gt;&lt;MScale&gt;10000&lt;/MScale&gt;&lt;XYTolerance&gt;0.0032808333333333331&lt;/XYTolerance&gt;&lt;ZTolerance&gt;0.001&lt;/ZTolerance&gt;&lt;MTolerance&gt;0.001&lt;/MTolerance&gt;&lt;HighPrecision&gt;true&lt;/HighPrecision&gt;&lt;WKID&gt;102658&lt;/WKID&gt;&lt;LatestWKID&gt;2236&lt;/LatestWKID&gt;&lt;/ProjectedCoordinateSystem&gt;</peXml><csUnits Sync="TRUE">Linear Unit: Foot_US (0.304801)</csUnits></coordRef></DataProperties><SyncDate>20150814</SyncDate><SyncTime>07584500</SyncTime><ModDate>20150814</ModDate><ModTime>07584500</ModTime></Esri><dataIdInfo><envirDesc Sync="TRUE">Microsoft Windows 7 Version 6.1 (Build 7601) Service Pack 1; Esri ArcGIS 10.1.1.3143</envirDesc><dataLang><languageCode value="eng" country="USA"></languageCode><countryCode value="USA" Sync="TRUE"></countryCode></dataLang><idCitation><resTitle Sync="TRUE">OrlandoTrailPlan</resTitle><presForm><PresFormCd value="005"></PresFormCd></presForm></idCitation><descKeys><thesaName uuidref="723f6998-058e-11dc-8314-0800200c9a66"></thesaName><keyword Sync="TRUE">002</keyword></descKeys><spatRpType><SpatRepTypCd value="001"></SpatRepTypCd></spatRpType><dataExt><geoEle><GeoBndBox esriExtentType="native"><westBL Sync="TRUE">445154.41022</westBL><eastBL Sync="TRUE">658413.82622</eastBL><northBL Sync="TRUE">1582900.873606</northBL><southBL Sync="TRUE">1432187.472605</southBL><exTypeCode Sync="TRUE">1</exTypeCode></GeoBndBox></geoEle></dataExt><geoBox esriExtentType="decdegrees"><westBL Sync="TRUE">-81.658127</westBL><eastBL Sync="TRUE">-80.992991</eastBL><northBL Sync="TRUE">28.688154</northBL><southBL Sync="TRUE">28.27206</southBL><exTypeCode Sync="TRUE">1</exTypeCode></geoBox></dataIdInfo><mdLang><languageCode value="eng"></languageCode><countryCode value="USA" Sync="TRUE"></countryCode></mdLang><distInfo><distFormat><formatName Sync="TRUE">Shapefile</formatName></distFormat><distributor><distorTran><onLineSrc><orDesc Sync="TRUE">002</orDesc><linkage Sync="TRUE">Server=direct; Service=sde:sqlserver:gissde; Database=orlando_gis; Version=sde.DEFAULT</linkage><protocol Sync="TRUE">ArcSDE Connection</protocol></onLineSrc></distorTran><distorFormat><formatName Sync="TRUE">SDE Feature Class</formatName></distorFormat></distributor><distTranOps><transSize Sync="TRUE">0.000</transSize></distTranOps></distInfo><mdHrLv><ScopeCd value="005"></ScopeCd></mdHrLv><mdHrLvName Sync="TRUE">dataset</mdHrLvName><refSysInfo><RefSystem><refSysID><identCode code="2236"></identCode><idCodeSpace Sync="TRUE">EPSG</idCodeSpace><idVersion Sync="TRUE">7.11.2</idVersion></refSysID></RefSystem></refSysInfo><spdoinfo><direct Sync="TRUE">Vector</direct><ptvctinf><esriterm Name="OrlandoTrailPlan"><efeatyp Sync="TRUE">Simple</efeatyp><efeageom code="3" Sync="TRUE"></efeageom><esritopo Sync="TRUE">FALSE</esritopo><efeacnt Sync="TRUE">0</efeacnt><spindex Sync="TRUE">FALSE</spindex><linrefer Sync="TRUE">FALSE</linrefer></esriterm></ptvctinf></spdoinfo><spatRepInfo><VectSpatRep><geometObjs Name="OrlandoTrailPlan"><geoObjTyp><GeoObjTypCd value="002" Sync="TRUE"></GeoObjTypCd></geoObjTyp><geoObjCnt Sync="TRUE">0</geoObjCnt></geometObjs><topLvl><TopoLevCd value="001" Sync="TRUE"></TopoLevCd></topLvl></VectSpatRep></spatRepInfo><eainfo><detailed Name="OrlandoTrailPlan"><enttyp><enttypl Sync="TRUE">OrlandoTrailPlan</enttypl><enttypt Sync="TRUE">Feature Class</enttypt><enttypc Sync="TRUE">0</enttypc></enttyp><attr><attrlabl Sync="TRUE">FID</attrlabl><attalias Sync="TRUE">FID</attalias><attrtype Sync="TRUE">OID</attrtype><attwidth Sync="TRUE">4</attwidth><atprecis Sync="TRUE">0</atprecis><attscale Sync="TRUE">0</attscale><attrdef Sync="TRUE">Internal feature number.</attrdef><attrdefs Sync="TRUE">Esri</attrdefs><attrdomv><udom Sync="TRUE">Sequential unique whole numbers that are automatically generated.</udom></attrdomv></attr><attr><attrlabl Sync="TRUE">Shape</attrlabl><attalias Sync="TRUE">Shape</attalias><attrtype Sync="TRUE">Geometry</attrtype><attwidth Sync="TRUE">0</attwidth><atprecis Sync="TRUE">0</atprecis><attscale Sync="TRUE">0</attscale><attrdef Sync="TRUE">Feature geometry.</attrdef><attrdefs Sync="TRUE">ESRI</attrdefs><attrdomv><udom Sync="TRUE">Coordinates defining the features.</udom></attrdomv></attr><attr><attrlabl Sync="TRUE">BIKETRAIL</attrlabl><attalias Sync="TRUE">BIKETRAIL</attalias><attrtype Sync="TRUE">String</attrtype><attwidth Sync="TRUE">10</attwidth><atprecis Sync="TRUE">0</atprecis><attscale Sync="TRUE">0</attscale></attr><attr><attrlabl Sync="TRUE">FUNDING</attrlabl><attalias Sync="TRUE">FUNDING</attalias><attrtype Sync="TRUE">String</attrtype><attwidth Sync="TRUE">10</attwidth><atprecis Sync="TRUE">0</atprecis><attscale Sync="TRUE">0</attscale></attr><attr><attrlabl Sync="TRUE">STATUS</attrlabl><attalias Sync="TRUE">STATUS</attalias><attrtype Sync="TRUE">String</attrtype><attwidth Sync="TRUE">10</attwidth><atprecis Sync="TRUE">0</atprecis><attscale Sync="TRUE">0</attscale></attr><attr><attrlabl Sync="TRUE">PRIMARYGRE</attrlabl><attalias Sync="TRUE">PRIMARYGRE</attalias><attrtype Sync="TRUE">String</attrtype><attwidth Sync="TRUE">10</attwidth><atprecis Sync="TRUE">0</atprecis><attscale Sync="TRUE">0</attscale></attr><attr><attrlabl Sync="TRUE">Shape_len</attrlabl><attalias Sync="TRUE">Shape_len</attalias><attrtype Sync="TRUE">Double</attrtype><attwidth Sync="TRUE">19</attwidth><atprecis Sync="TRUE">0</atprecis><attscale Sync="TRUE">0</attscale></attr></detailed></eainfo><mdDateSt Sync="TRUE">20150814</mdDateSt><idinfo><native Sync="TRUE">Microsoft Windows XP Version 5.1 (Build 2600) Service Pack 3; ESRI ArcCatalog 9.3.1.3500</native><descript><langdata Sync="TRUE">en</langdata></descript><citation><citeinfo><title Sync="TRUE">orlando_gis.ORLANDO_GIS.OrlandoTrailPlan_PLN</title><ftname Sync="TRUE">orlando_gis.ORLANDO_GIS.OrlandoTrailPlan_PLN</ftname><geoform Sync="TRUE">vector digital data</geoform><onlink Sync="TRUE">Server=direct; Service=sde:sqlserver:gissde; Database=orlando_gis; Version=sde.DEFAULT</onlink></citeinfo></citation><natvform Sync="TRUE">SDE Feature Class</natvform><spdom><lboundng><leftbc Sync="TRUE">445154.410220</leftbc><rightbc Sync="TRUE">658413.826220</rightbc><bottombc Sync="TRUE">1432187.472605</bottombc><topbc Sync="TRUE">1582900.873606</topbc></lboundng><bounding><westbc Sync="TRUE">-81.658127</westbc><eastbc Sync="TRUE">-80.992991</eastbc><northbc Sync="TRUE">28.688154</northbc><southbc Sync="TRUE">28.272060</southbc></bounding></spdom></idinfo><metainfo><langmeta Sync="TRUE">en</langmeta><metstdn Sync="TRUE">FGDC Content Standards for Digital Geospatial Metadata</metstdn><metstdv Sync="TRUE">FGDC-STD-001-1998</metstdv><mettc Sync="TRUE">local time</mettc><metd Sync="TRUE">20150814</metd></metainfo><mdStanName Sync="TRUE">ISO 19115 Geographic Information - Metadata</mdStanName><mdStanVer Sync="TRUE">DIS_ESRI1.0</mdStanVer><mdChar><CharSetCd Sync="TRUE" value="004"></CharSetCd></mdChar><distinfo><resdesc Sync="TRUE">Downloadable Data</resdesc></distinfo><spref><horizsys><cordsysn><geogcsn Sync="TRUE">GCS_North_American_1983</geogcsn><projcsn Sync="TRUE">NAD_1983_StatePlane_Florida_East_FIPS_0901_Feet</projcsn></cordsysn><planar><planci><plance Sync="TRUE">coordinate pair</plance><plandu Sync="TRUE">survey feet</plandu><coordrep><absres Sync="TRUE">0.000328</absres><ordres Sync="TRUE">0.000328</ordres></coordrep></planci></planar><geodetic><horizdn Sync="TRUE">North American Datum of 1983</horizdn><ellips Sync="TRUE">Geodetic Reference System 80</ellips><semiaxis Sync="TRUE">6378137.000000</semiaxis><denflat Sync="TRUE">298.257222</denflat></geodetic></horizsys><vertdef><altsys><altenc Sync="TRUE">Explicit elevation coordinate included with horizontal coordinates</altenc><altres Sync="TRUE">1.000000</altres></altsys></vertdef></spref></metadata>
